﻿<?xml version="1.0" encoding="utf-8"?>
<Elements xmlns="http://schemas.microsoft.com/sharepoint/">
  <Module Path="Pages" Url="Pages" Name="Pages" >
    <File Path="Default.aspx" Url="Default.aspx" Name="Default.aspx" Type="GhostableInLibrary" Level="Published" IgnoreIfAlreadyExists="TRUE" ReplaceContent="TRUE" />
    <File Path="Layout.aspx" Url="FeeRequest.aspx" Name="FeeRequest.aspx" Type="GhostableInLibrary" Level="Published" IgnoreIfAlreadyExists="TRUE" ReplaceContent="TRUE" >
      <View List="Lists/Fees"
           Name="Fees"
           BaseViewID="1" Type="HTML" DisplayName="Fee Request"
           WebPartZoneID="full"
           DefaultView="TRUE" >
      </View>
      <Property Name="Title" Value="Fee Request" />
    </File>
    <File Path="Layout.aspx" Url="FeeApprove.aspx" Name="FeeApprove.aspx" Type="GhostableInLibrary" Level="Published" IgnoreIfAlreadyExists="TRUE" ReplaceContent="TRUE" >
      <View List="Lists/Fees"
           Name="Fees"
           BaseViewID="2" Type="GRID" DisplayName="Fee Approve"
           WebPartZoneID="full"
           DefaultView="TRUE" >
      </View>
      <Property Name="Title" Value="Fee Approve" />
    </File>
    <File Path="Layout.aspx" Url="FeeValidate.aspx" Name="FeeValidate.aspx" Type="GhostableInLibrary" Level="Published" IgnoreIfAlreadyExists="TRUE" ReplaceContent="TRUE" >
      <View List="Lists/Fees"
           Name="Fees"
           BaseViewID="3" Type="GRID" DisplayName="Fee Validate"
           WebPartZoneID="full"
           DefaultView="TRUE" >
      </View>
      <Property Name="Title" Value="Fee Validate" />
    </File>
    <File Path="Layout.aspx" Url="Fees.aspx" Name="Fees.aspx" Type="GhostableInLibrary" Level="Published" IgnoreIfAlreadyExists="TRUE" ReplaceContent="TRUE" >
      <View List="Lists/Fees"
           Name="Fees"
           BaseViewID="10" Type="HTML" DisplayName="Fee Request"
           WebPartZoneID="full"
           DefaultView="TRUE" >
      </View>
      <Property Name="Title" Value="All Fees" />
    </File>
    <File Path="Layout.aspx" Url="Archive.aspx" Name="Archive.aspx" Type="GhostableInLibrary" Level="Published" IgnoreIfAlreadyExists="TRUE" ReplaceContent="TRUE" >
      <View List="Lists/Archive"
           Name="Archive"
           BaseViewID="10" Type="HTML" DisplayName="Archive"
           WebPartZoneID="full"
           DefaultView="TRUE" >
      </View>
      <Property Name="Title" Value="Archive" />
    </File>
    <File Path="Layout.aspx" Url="PriceList.aspx" Name="PriceList.aspx" Type="GhostableInLibrary" Level="Published" IgnoreIfAlreadyExists="TRUE" ReplaceContent="TRUE" >
      <View List="Lists/PriceList"
           Name="Price List"
           BaseViewID="1" Type="HTML" DisplayName="PriceList"
           WebPartZoneID="full"
           DefaultView="TRUE" >
      </View>
      <Property Name="Title" Value="Price List" />
    </File>
    <File Path="Layout.aspx" Url="Teams.aspx" Name="Teams.aspx" Type="GhostableInLibrary" Level="Published" IgnoreIfAlreadyExists="TRUE" ReplaceContent="TRUE" >
      <View List="Lists/Teams"
           Name="Teams"
           BaseViewID="1" Type="HTML" DisplayName="Team"
           WebPartZoneID="full"
           DefaultView="TRUE" >
      </View>
      <Property Name="Title" Value="Teams" />
    </File>
    <File Path="Layout.aspx" Url="Currencies.aspx" Name="Currencies.aspx" Type="GhostableInLibrary" Level="Published" IgnoreIfAlreadyExists="TRUE" ReplaceContent="TRUE" >
      <View List="Lists/Currencies"
           Name="Currencies"
           BaseViewID="1" Type="HTML" DisplayName="Currencies"
           WebPartZoneID="full"
           DefaultView="TRUE" >
      </View>
      <Property Name="Title" Value="Currencies" />
    </File>
    <File Path="Layout.aspx" Url="Config.aspx" Name="Config.aspx" Type="GhostableInLibrary" Level="Published" IgnoreIfAlreadyExists="TRUE" ReplaceContent="TRUE" >
      <View List="Lists/Config"
           Name="Config"
           BaseViewID="1" Type="HTML" DisplayName="Config"
           WebPartZoneID="full"
           DefaultView="TRUE" >
      </View>
      <Property Name="Title" Value="Config" />
    </File>
  </Module>
</Elements>
