﻿<?xml version="1.0" encoding="utf-8"?>
<Elements xmlns="http://schemas.microsoft.com/sharepoint/">
  <ListInstance Title="Config" OnQuickLaunch="TRUE" TemplateType="10056" Url="Lists/Config" Description="CIB Feem Config List Instance" VersioningEnabled="TRUE">
    <Data>
      <Rows>
        <Row>
          <Field Name='fmMembers'>10;#Andrei MOROZ;#20;#DEV Andrei MOROZ;#11;#Jochen FUNK;#16;#Grzegorz KUBACKI;#19;#Gabriel OLTEANU;#17;#Malgorzata JANKOWSKA;#18;#Aleksandra JAROSINSKA-CHOLEWA</Field>
        </Row>
      </Rows>
    </Data>
  </ListInstance>
</Elements>
