﻿<?xml version="1.0" encoding="utf-8"?>
<List xmlns:ows="Microsoft SharePoint" Title="Currencies" Direction="$Resources:core,Direction;" OrderedList="TRUE" Url="Lists/Currencies" BaseType="0" DisableAttachments="TRUE" xmlns="http://schemas.microsoft.com/sharepoint/" EnableContentTypes="TRUE">
  <MetaData>
    <ContentTypes>
      <ContentType ID="0x0100AE63DD6CBAC84BA78393AC547C73C8DD00F34E70C088364B1B85B9462BA830A278" Name="CIB Feem Currencies" Description="CIB Feem Currencies" Inherits="TRUE" Version="0" Group="Feeman Content Types">
        <FieldRefs>
          <FieldRef ID="{3d9abb16-d9f6-4381-8e30-db1812e6c6d7}" Name="fmCode" DisplayName="Code" Required="TRUE" />
        </FieldRefs>
      </ContentType>
    </ContentTypes>
    <Fields>
      <Field ID="{3d9abb16-d9f6-4381-8e30-db1812e6c6d7}" Name="fmCode" DisplayName="Code" Type="Text" MaxLength="5" Required="TRUE" Group="Feeman Columns"
             AllowDuplicateValues="FALSE" EnforceUniqueValues="TRUE" Indexed="TRUE" LinkToItem="TRUE" LinkToItemAllowed="Required" ListItemMenu="TRUE" ></Field>
    </Fields>
    <Views>
      <View BaseViewID="0" Type="HTML" OrderedView="TRUE" TabularView="FALSE" MobileView="TRUE">
        <Toolbar Type="Standard" />
        <XslLink>main.xsl</XslLink>
        <RowLimit>30</RowLimit>
        <ViewFields>
          <FieldRef Name="fmCode" />
        </ViewFields>
        <Query>
          <OrderBy>
            <FieldRef Name="fmCode" Ascending="TRUE"></FieldRef>
          </OrderBy>
        </Query>
        <ParameterBindings>
          <ParameterBinding Name="AddNewAnnouncement" Location="Resource(wss,addnewitem)" />
          <ParameterBinding Name="NoAnnouncements" Location="Resource(wss,noXinviewofY_LIST)" />
          <ParameterBinding Name="NoAnnouncementsHowTo" Location="Resource(wss,noXinviewofY_ONET_HOME)" />
        </ParameterBindings>
      </View>
      <View BaseViewID="1" Type="HTML" WebPartZoneID="Main" DisplayName="$Resources:core,objectiv_schema_mwsidcamlidC24;" DefaultView="TRUE" MobileView="TRUE" MobileDefaultView="TRUE" SetupPath="pages\viewpage.aspx" ImageUrl="/_layouts/images/generic.png" Url="AllItems.aspx">
        <Toolbar Type="Standard" />
        <XslLink Default="TRUE">main.xsl</XslLink>
        <JSLink>clienttemplates.js</JSLink>
        <RowLimit Paged="TRUE">30</RowLimit>
        <ViewFields>
          <FieldRef Name="fmCode"></FieldRef>
        </ViewFields>
        <ParameterBindings>
          <ParameterBinding Name="NoAnnouncements" Location="Resource(wss,noXinviewofY_LIST)" />
          <ParameterBinding Name="NoAnnouncementsHowTo" Location="Resource(wss,noXinviewofY_DEFAULT)" />
        </ParameterBindings>
        <Query>
          <OrderBy>
            <FieldRef Name="fmCode" Ascending="TRUE"></FieldRef>
          </OrderBy>
        </Query>
      </View>
    </Views>
    <Forms>
      <Form Type="DisplayForm" Url="DispForm.aspx" SetupPath="pages\form.aspx" WebPartZoneID="Main" />
      <Form Type="EditForm" Url="EditForm.aspx" SetupPath="pages\form.aspx" WebPartZoneID="Main" />
      <Form Type="NewForm" Url="NewForm.aspx" SetupPath="pages\form.aspx" WebPartZoneID="Main" />
    </Forms>
  </MetaData>
</List>
