﻿<?xml version="1.0" encoding="utf-8"?>
<Elements xmlns="http://schemas.microsoft.com/sharepoint/">
  <ListInstance Title="Teams" OnQuickLaunch="TRUE" TemplateType="10054" Url="Lists/Teams" Description="CIB Feem Teams List Instance" VersioningEnabled="TRUE">
    <Data><Rows>
      <Row>
        <Field Name="fmName">CMTO</Field>
        <Field Name='fmMembers'>10;#Andrei MOROZ;#20;#DEV Andrei MOROZ;#11;#Jochen FUNK;#16;#Grzegorz KUBACKI;#19;#Gabriel OLTEANU;#17;#Malgorzata JANKOWSKA;#18;#Aleksandra JAROSINSKA-CHOLEWA</Field>
      </Row>
      <Row>
        <Field Name="fmName">CSD</Field>
        <Field Name='fmMembers'>10;#Andrei MOROZ;#20;#DEV Andrei MOROZ;#11;#Jochen FUNK;#16;#Grzegorz KUBACKI;#19;#Gabriel OLTEANU;#17;#Malgorzata JANKOWSKA;#18;#Aleksandra JAROSINSKA-CHOLEWA</Field>
      </Row>
      <Row><Field Name="fmName">CR</Field></Row>
      <Row><Field Name="fmName">DISPO</Field></Row>
      <Row><Field Name="fmName">FX/MM/CHEQUES</Field></Row>
    </Rows></Data>
  </ListInstance>
</Elements>
