﻿<WorkflowAssociation xmlns="http://schemas.microsoft.com/sharepoint/2012/app/workflow">
  <Description>Fee Updated - Item Updated</Description>
  <DisplayName>Fee Updated - Item Updated</DisplayName>
  <Enabled>true</Enabled>
  <EventSourceGUID>Lists/Fees</EventSourceGUID>
  <EventType>ItemUpdated</EventType>
  <HistoryListId>Lists/WorkflowHistoryList</HistoryListId>
  <Id>aa06d722-7b8d-4215-9945-557d66fbad70</Id>
  <TaskListId>Lists/WorkflowTaskList</TaskListId>
</WorkflowAssociation>