﻿<?xml version="1.0" encoding="utf-8"?>
<Elements xmlns="http://schemas.microsoft.com/sharepoint/">
  <!-- Currencies -->
  <Field ID="{3d9abb16-d9f6-4381-8e30-db1812e6c6d7}" Name="fmCode" DisplayName="Code" Type="Text" MaxLength="5" Required="TRUE" Group="Feeman Columns"
         AllowDuplicateValues="FALSE" EnforceUniqueValues="TRUE" Indexed="TRUE" LinkToItem="TRUE" LinkToItemAllowed="Required" ListItemMenu="TRUE" ></Field>

  <!-- Teams -->
  <Field ID="{62cb9781-a886-4641-ac7d-cc3d7b132399}" Name="fmName" DisplayName="Name" Type="Text" MaxLength="20" Required="TRUE" Group="Feeman Columns"
         AllowDuplicateValues="FALSE" EnforceUniqueValues="TRUE" Indexed="TRUE" LinkToItem="TRUE" LinkToItemAllowed="Required" ListItemMenu="TRUE" ></Field>
  <Field ID="{8618d2f1-e739-4bc0-a2c4-1dfb1557880e}" Name="fmMembers" DisplayName="Members" Type="UserMulti" Mult="TRUE" List="UserInfo"
         ShowField="ImnName" UserSelectionMode="PeopleOnly" UserSelectionScope="0" Required="TRUE" AllowDuplicateValues="TRUE"  Group="Feeman Columns" />

  <!-- PriceList -->
  <Field ID="{c746fea0-5e55-4772-a9c4-96b180ff3524}" Name="fmPLVDescription" DisplayName="PLV Description" Type="Text" MaxLength="255" Required="TRUE" Group="Feeman Columns"
         AllowDuplicateValues="FALSE" EnforceUniqueValues="TRUE" Indexed="TRUE" LinkToItem="TRUE" LinkToItemAllowed="Required" ListItemMenu="TRUE" ></Field>
  <Field ID="{3797cebb-f263-47ab-8ec5-32277e654c09}" Name="fmPLVCode" DisplayName="Code" Type="Text" MaxLength="10" Required="TRUE" Group="Feeman Columns"></Field>
  <!--  <Field ID="{2fff3c3a-4411-43b2-bda0-50eea1773773}" Name="Commission" DisplayName="Commission" Type="Text" MaxLength="10" Required="FALSE" Group="Feeman Columns"></Field> -->
  <Field ID="{ac671946-6460-4aa7-abce-23ca5f4a7de5}" Name="fmStandardPrice" DisplayName="Standard Price" Type="Number" Decimals="2" LCID="1031" Required="TRUE" Group="Feeman Columns"></Field>
  <Field ID="{65afe706-62af-40eb-bf7c-4c8db89ed2be}" Name="fmDescription" DisplayName="Description" Type="Text" MaxLength="255" Required="TRUE" Group="Feeman Columns"></Field>
  <Field ID="{0f990193-2ffe-4612-901f-0d0a7558e420}" Name="fmTeams" DisplayName="Teams" Type="LookupMulti" Mult="TRUE" Required="FALSE"
         EnableLookup="TRUE" List="Lists/Teams" ShowField="fmName" EnforceUniqueValues="FALSE" RelationshipDeleteBehavior="None" Group="Feeman Columns"></Field>

  <!-- Fees -->
  <Field ID="{71a21909-9ac6-42c9-8d55-9935ba2dd18b}" Name="fmTeam" DisplayName="Team" Type="Lookup" StaticName="Team" Required="TRUE"
         EnableLookup="TRUE" List="Lists/Teams" ShowField="fmName" EnforceUniqueValues="FALSE" RelationshipDeleteBehavior="None" Group="Feeman Columns" />
  <Field ID="{67c0479c-2ca9-4ecf-8f01-62fb53aa617e}" Name="fmFeePLVDescription" DisplayName="PLV Description" Type="Lookup" StaticName="fmFeePLVDescription" Required="TRUE"
         EnableLookup="TRUE" List="Lists/PriceList" ShowField="fmPLVDescription" EnforceUniqueValues="FALSE" RelationshipDeleteBehavior="None" Group="Feeman Columns" />
  <Field ID="{056574f3-c890-4fb5-bf6e-291b05444d53}" Name="fmOperationCode" DisplayName="Operation Code" Type="Lookup" StaticName="fmOperationCode" Required="FALSE"
         EnableLookup="TRUE" List="Lists/PriceList" ShowField="fmPLVCode" FieldRef="67c0479c-2ca9-4ecf-8f01-62fb53aa617e" Group="Feeman Columns" />
  <!--  <Field ID="{5342506a-72dc-496f-965d-d3f5f920bd94}" Name="Commission" DisplayName="Commission" Type="Lookup" StaticName="Commission" Required="FALSE"
         EnableLookup="TRUE" List="Lists/PriceList" ShowField="Commission" FieldRef="67c0479c-2ca9-4ecf-8f01-62fb53aa617e" Group="Feeman Columns" />
  <Field ID="{db2666f3-97ec-46e4-9321-f38d62009a8e}" Name="fmStandardPrice" DisplayName="Standard Price" Type="Lookup" StaticName="StandardPrice" Required="FALSE"
         EnableLookup="TRUE" List="Lists/PriceList" ShowField="fmStandardPrice" FieldRef="67c0479c-2ca9-4ecf-8f01-62fb53aa617e" Group="Feeman Columns" />
  <Field ID="{c2d9a39e-bdfb-49cb-85f2-f32f0c794a38}" Name="fmOperationDescription" DisplayName="Operation Description" Type="Lookup" StaticName="Commission" Required="FALSE"
         EnableLookup="TRUE" List="Lists/PriceList" ShowField="fmDescription" FieldRef="67c0479c-2ca9-4ecf-8f01-62fb53aa617e" Group="Feeman Columns" /> -->
  <Field ID="{6f4338d7-d741-4058-8d09-c2dfeec30494}" Name="fmAccount" DisplayName="Customer Account Number" Type="Text" MaxLength="255" Required="TRUE" StaticName="fmAccount" Group="Feeman Columns"
         LinkToItem="TRUE" LinkToItemAllowed="Required" ListItemMenu="TRUE" >
    <Validation Message="Account number must be like:&#xD;&#xA;5 digits BLANK 6 digits BLANK 3 digits BLANK 2 digits BLANK then three characters for the currency"
       Script="function(x){return SP.Exp.Calc.valid(SP.Exp.Node.f(&#39;EQ&#39;,[SP.Exp.Node.f(&#39;LEN&#39;,[SP.Exp.Node.a(0)]),SP.Exp.Node.v(23)]),x)}">=(LEN(fmAccount)=23)</Validation>
  </Field>
  <Field ID="{a3e4f8a4-5ae7-4099-8f9e-7cc8201922f9}" Name="fmClientName" DisplayName="Client Name" Type="Text" MaxLength="255" Required="FALSE" Group="Feeman Columns"></Field>
  <Field ID="{f6c96dac-dc06-4fce-9198-96faed821b59}" Name="fmTransactionAmount" DisplayName="Transaction Amount" Type="Number" Decimals="2" Required="FALSE" Group="Feeman Columns"></Field>
  <Field ID="{883328a7-e9c2-41ff-ab74-ab749fc7a0f7}" Name="fmCurrency" DisplayName="Currency" Type="Lookup" StaticName="Currency" Required="FALSE"
         EnableLookup="TRUE" List="Lists/Currencies" ShowField="fmCode" EnforceUniqueValues="FALSE" RelationshipDeleteBehavior="None" Group="Feeman Columns" />
  <Field ID="{957d4ece-bc38-4f75-a08d-6b5f962b42e5}" Name="fmUnits" DisplayName="Units" Type="Number" Decimals="0" Required="TRUE" Group="Feeman Columns"></Field>
  <Field ID="{825e77bc-68d4-4a9f-a0ef-e051b0e4ce29}" Name="fmAmount" DisplayName="Amount" Type="Number" Decimals="2" ShowInEditForm="FALSE" ShowInNewForm="FALSE" Required="FALSE" Group="Feeman Columns" />
  <Field ID="{05be0f26-1830-42c0-a427-492766be7368}" Name="fmComments" DisplayName="Comments" Type="Note" NumLines="10" RichText="FALSE" Required="FALSE" Group="Feeman Columns"></Field>
  <Field ID="{25e3c5c9-46c1-4c00-9e1c-f86c2b7999ae}" Name="fmStatus" DisplayName="Status" StaticName="Status" Type="Choice" Format="Dropdown" FillInChoice="FALSE" ShowInEditForm="FALSE" ShowInNewForm="FALSE" Required="FALSE" Group="Feeman Columns">
    <CHOICES>
      <CHOICE>Draft/Invalid</CHOICE>
      <CHOICE>Requested</CHOICE>
      <CHOICE>Approved</CHOICE>
      <CHOICE>InputInvalid</CHOICE>
    </CHOICES>
  </Field>
  <Field ID="{21a72381-785a-464e-9647-971aeb78b594}" Name="fmStatus_" DisplayName="Status" StaticName="Status_" Type="Calculated" ResultType="Text" ReadOnly="TRUE" ShowInEditForm="FALSE" ShowInNewForm="FALSE" Required="FALSE" Group="Feeman Columns">
    <Formula>=fmStatus</Formula>
    <FieldRefs><FieldRef Name="fmStatus"/></FieldRefs>
  </Field>
  <Field ID="{9a559b34-d1ce-4739-820f-c6a7085fd43b}" Name="fmRequest" DisplayName="Request" Type="Choice" Format="Dropdown" FillInChoice="FALSE" Required="TRUE" Group="Feeman Columns">
    <Default>Request</Default>
    <CHOICES>
      <CHOICE>Draft/Invalid</CHOICE>
      <CHOICE>Request</CHOICE>
      <CHOICE>Cancel</CHOICE>
    </CHOICES>
  </Field>
  <Field ID="{6d941747-a2ee-483d-95ce-8f7cfc1cef96}" Name="fmRequestedBy" DisplayName="RequestedBy" Type="User" List="UserInfo"
         ShowField="ImnName" UserSelectionMode="PeopleOnly" UserSelectionScope="0" ShowInEditForm="FALSE" ShowInNewForm="FALSE" Required="FALSE" Group="Feeman Columns" />
  <Field ID="{a300fd56-bb6a-479e-a117-ceb1469ecb9e}" Name="fmApprove" DisplayName="Approve" Type="Choice" Format="Dropdown" FillInChoice="FALSE" ShowInEditForm="FALSE" ShowInNewForm="FALSE" Required="TRUE" Group="Feeman Columns">
    <Default>-</Default>
    <CHOICES>
      <CHOICE>-</CHOICE>
      <CHOICE>Approve</CHOICE>
      <CHOICE>Invalid</CHOICE>
      <CHOICE>Reject</CHOICE>
    </CHOICES>
  </Field>
  <Field ID="{32c0d2ea-b2cc-4a98-9950-f16e7c98359c}" Name="fmApprovedAt" DisplayName="ApprovedAt" Type="DateTime" ShowInEditForm="FALSE" ShowInNewForm="FALSE" Required="FALSE" Group="Feeman Columns"></Field>
  <Field ID="{e90a6e93-a56d-4d67-aeeb-33b7da1a35f0}" Name="fmApprovedBy" DisplayName="ApprovedBy" Type="User" List="UserInfo"
         ShowField="ImnName" UserSelectionMode="PeopleOnly" UserSelectionScope="0" ShowInEditForm="FALSE" ShowInNewForm="FALSE" Required="FALSE" Group="Feeman Columns" />
  <Field ID="{0544c533-7652-43dc-abd2-0eb38072aa54}" Name="fmValidate" DisplayName="Validate" Type="Choice" Format="Dropdown" FillInChoice="FALSE" ShowInEditForm="FALSE" ShowInNewForm="FALSE" Required="TRUE" Group="Feeman Columns">
    <Default>-</Default>
    <CHOICES>
      <CHOICE>-</CHOICE>
      <CHOICE>Validate</CHOICE>
      <CHOICE>InputInvalid</CHOICE>
    </CHOICES>
  </Field>
  <Field ID="{baa9c5de-9291-436f-a0fd-cd7a23003a50}" Name="fmStatusHistory" DisplayName="Status History" Type="Note" NumLines="10" RichText="FALSE" ShowInEditForm="FALSE" ShowInNewForm="FALSE" Required="FALSE" Group="Feeman Columns" />
  <Field ID="{4f7c0748-9b64-411f-ac47-88605aac648c}" Name="fmWorkflowActive" DisplayName="Workflow Active" Type="Choice" Format="Dropdown" FillInChoice="FALSE" ShowInEditForm="FALSE" ShowInNewForm="FALSE" Required="TRUE" Group="Feeman Columns">
    <Default>-</Default>
    <CHOICES>
      <CHOICE>-</CHOICE>
      <CHOICE>Active</CHOICE>
      <CHOICE>Error</CHOICE>
    </CHOICES>
  </Field>
  <!--
  <Field ID="{70d52606-f724-4849-be47-645f95b65e12}" Name="NotificationEmailSent" DisplayName="Notification Email Sent" Type="Boolean" ShowInEditForm="FALSE" ShowInNewForm="FALSE" Required="TRUE" Group="Feeman Columns" >
    <Default>0</Default>
  </Field>
  -->

  <!-- Archive fields -->
  <Field ID="{d7bd4bd2-c992-4c05-8e27-5434691b7341}" Name="fmValidatedBy" DisplayName="ValidatedBy" Type="User" List="UserInfo"
         ShowField="ImnName" UserSelectionMode="PeopleOnly" UserSelectionScope="0" ShowInEditForm="FALSE" ShowInNewForm="FALSE" Required="FALSE" Group="Feeman Columns" />
  <Field ID="{bb0e6664-2312-450c-94a2-56f41d0c21a0}" Name="fmArchiveStatus" DisplayName="Status" Type="Choice" Format="Dropdown" FillInChoice="FALSE" Required="TRUE" Group="Feeman Columns">
    <CHOICES>
      <CHOICE>Validated</CHOICE>
      <CHOICE>Cancelled</CHOICE>
      <CHOICE>Rejected</CHOICE>
    </CHOICES>
  </Field>

  <Field ID="{aadb733e-f040-4559-8fb1-6e0a2b1ef777}" Name="fmCreatedAt" DisplayName="CreatedAt" Type="DateTime" Required="TRUE" Group="Feeman Columns"></Field>
  <Field ID="{a475331e-40cf-485e-bcc0-f8eb0097f4f1}" Name="fmItemID" DisplayName="ItemID" Type="Number" Decimals="0" Required="TRUE" Group="Feeman Columns"></Field>


</Elements>
