﻿<?xml version="1.0" encoding="utf-8"?>
<List xmlns:ows="Microsoft SharePoint" Title="Fees" Direction="$Resources:core,Direction;" 
      OrderedList="TRUE" Url="Lists/Fees" BaseType="0" DisableAttachments="TRUE" 
      FolderCreation="TRUE" xmlns="http://schemas.microsoft.com/sharepoint/" EnableContentTypes="TRUE">
  <MetaData>
    <ContentTypes>
      <ContentType ID="0x0100AE63DD6CBAC84BA78393AC547C73C8DD00EA4178C0D3CC47EAB01B9BDE2443AA27" Name="CIB Feem Archive" Description="CIB Feem Archive" Inherits="FALSE" Version="0" Group="Feeman Content Types" >
        <FieldRefs>
          <FieldRef ID="{71a21909-9ac6-42c9-8d55-9935ba2dd18b}" Name="fmTeam" DisplayName="Team" Required="TRUE" />
          <FieldRef ID="{67c0479c-2ca9-4ecf-8f01-62fb53aa617e}" Name="fmFeePLVDescription" DisplayName="Code Description" Required="TRUE" />
          <FieldRef ID="{056574f3-c890-4fb5-bf6e-291b05444d53}" Name="fmOperationCode" DisplayName="Operation Code" Required="FALSE" />
<!--      <FieldRef ID="{5342506a-72dc-496f-965d-d3f5f920bd94}" Name="Commission" DisplayName="Commission" Required="FALSE" />
          <FieldRef ID="{db2666f3-97ec-46e4-9321-f38d62009a8e}" Name="fmStandardPrice" DisplayName="Standard Price" Required="FALSE" />
          <FieldRef ID="{c2d9a39e-bdfb-49cb-85f2-f32f0c794a38}" Name="fmOperationDescription" DisplayName="Operation Description" Required="FALSE" />  -->
          <FieldRef ID="{6f4338d7-d741-4058-8d09-c2dfeec30494}" Name="fmAccount" DisplayName="Customer Account Number" Required="TRUE" />
          <FieldRef ID="{a3e4f8a4-5ae7-4099-8f9e-7cc8201922f9}" Name="fmClientName" DisplayName="Client Name" Required="FALSE" />
          <FieldRef ID="{f6c96dac-dc06-4fce-9198-96faed821b59}" Name="fmTransactionAmount" DisplayName="Transaction Amount" Required="FALSE" />
          <FieldRef ID="{883328a7-e9c2-41ff-ab74-ab749fc7a0f7}" Name="fmCurrency" DisplayName="Currency" Required="FALSE" />
          <FieldRef ID="{957d4ece-bc38-4f75-a08d-6b5f962b42e5}" Name="fmUnits" DisplayName="Units" Required="FALSE" />
          <FieldRef ID="{825e77bc-68d4-4a9f-a0ef-e051b0e4ce29}" Name="fmAmount" DisplayName="Amount" ShowInEditForm="FALSE" ShowInNewForm="FALSE" />
          <FieldRef ID="{05be0f26-1830-42c0-a427-492766be7368}" Name="fmComments" DisplayName="Comments" Required="FALSE" />
          <FieldRef ID="{6d941747-a2ee-483d-95ce-8f7cfc1cef96}" Name="fmRequestedBy" DisplayName="RequestedBy" ShowInEditForm="FALSE" ShowInNewForm="FALSE" Required="FALSE" />
          <FieldRef ID="{32c0d2ea-b2cc-4a98-9950-f16e7c98359c}" Name="fmApprovedAt" DisplayName="ApprovedAt" ShowInEditForm="FALSE" ShowInNewForm="FALSE" Required="FALSE" />
          <FieldRef ID="{e90a6e93-a56d-4d67-aeeb-33b7da1a35f0}" Name="fmApprovedBy" DisplayName="ApprovedBy" ShowInEditForm="FALSE" ShowInNewForm="FALSE" Required="FALSE" />
          <FieldRef ID="{d7bd4bd2-c992-4c05-8e27-5434691b7341}" Name="fmValidatedBy" DisplayName="ValidatedBy" ShowInEditForm="FALSE" ShowInNewForm="FALSE" Required="FALSE" />
          <FieldRef ID="{169b6611-7a62-461a-987f-b062d1e00266}" Name="fmExportedAt" DisplayName="ExportedAt" ShowInEditForm="FALSE" ShowInNewForm="FALSE" Required="FALSE" />
          <FieldRef ID="{baa9c5de-9291-436f-a0fd-cd7a23003a50}" Name="fmStatusHistory" DisplayName="Status History" ShowInEditForm="FALSE" ShowInNewForm="FALSE" Required="FALSE" />
          <FieldRef ID="{bb0e6664-2312-450c-94a2-56f41d0c21a0}" Name="fmArchiveStatus" DisplayName="Status" Format="Dropdown" Required="TRUE" />
          <FieldRef ID="{aadb733e-f040-4559-8fb1-6e0a2b1ef777}" Name="fmCreatedAt" DisplayName="CreatedAt" Required="TRUE" />
          <FieldRef ID="{a475331e-40cf-485e-bcc0-f8eb0097f4f1}" Name="fmItemID" DisplayName="ItemID" Required="TRUE" />
        </FieldRefs>
      </ContentType>
      <ContentTypeRef ID="0x0120" />
    </ContentTypes>
    <Fields>
<!--      
      <Field ID="{c042a256-787d-4a6f-8a8a-cf6ab767f12d}" Type="Computed" DisplayName="$Resources:core,Content_Type;" Name="ContentType" DisplaceOnUpgrade="TRUE" RenderXMLUsingPattern="TRUE" Sortable="FALSE" SourceID="http://schemas.microsoft.com/sharepoint/v3" StaticName="ContentType" Group="_Hidden" PITarget="MicrosoftWindowsSharePointServices" PIAttribute="ContentTypeID" FromBaseType="TRUE">
        <FieldRefs>
          <FieldRef Name="ContentTypeId"/>
        </FieldRefs>
        <DisplayPattern>
          <MapToContentType>
            <Column Name="ContentTypeId"/>
          </MapToContentType>
        </DisplayPattern>
      </Field>
-->
      
      <Field ID="{fa564e0f-0c70-4ab9-b863-0177e6ddd247}" Type="Text" Name="Title" DisplayName="$Resources:core,Title;" Required="FALSE" StaticName="Title" FromBaseType="TRUE" />

      <Field ID="{71a21909-9ac6-42c9-8d55-9935ba2dd18b}" Name="fmTeam" DisplayName="Team" Type="Lookup" StaticName="Team" Required="TRUE"
             EnableLookup="TRUE" List="Lists/Teams" ShowField="fmName" EnforceUniqueValues="FALSE" RelationshipDeleteBehavior="None" Group="Feeman Columns" />
      <Field ID="{67c0479c-2ca9-4ecf-8f01-62fb53aa617e}" Name="fmFeePLVDescription" DisplayName="PLV Description" Type="Lookup" StaticName="fmFeePLVDescription" Required="TRUE"
             EnableLookup="TRUE" List="Lists/PriceList" ShowField="fmPLVDescription" EnforceUniqueValues="FALSE" RelationshipDeleteBehavior="None" Group="Feeman Columns" />
      <Field ID="{056574f3-c890-4fb5-bf6e-291b05444d53}" Name="fmOperationCode" DisplayName="Operation Code" Type="Lookup" StaticName="fmOperationCode" Required="FALSE"
             EnableLookup="TRUE" List="Lists/PriceList" ShowField="fmPLVCode" FieldRef="67c0479c-2ca9-4ecf-8f01-62fb53aa617e" Group="Feeman Columns" />
<!--  <Field ID="{5342506a-72dc-496f-965d-d3f5f920bd94}" Name="Commission" DisplayName="Commission" Type="Lookup" StaticName="Commission" Required="FALSE"
             EnableLookup="TRUE" List="Lists/PriceList" ShowField="Commission" FieldRef="67c0479c-2ca9-4ecf-8f01-62fb53aa617e" Group="Feeman Columns" />
      <Field ID="{db2666f3-97ec-46e4-9321-f38d62009a8e}" Name="fmStandardPrice" DisplayName="Standard Price" Type="Lookup" StaticName="StandardPrice" Required="FALSE"
             EnableLookup="TRUE" List="Lists/PriceList" ShowField="fmStandardPrice" FieldRef="67c0479c-2ca9-4ecf-8f01-62fb53aa617e" Group="Feeman Columns" />
      <Field ID="{c2d9a39e-bdfb-49cb-85f2-f32f0c794a38}" Name="OperationDescription" DisplayName="Operation Description" Type="Lookup" StaticName="Commission" Required="FALSE"
             EnableLookup="TRUE" List="Lists/PriceList" ShowField="fmDescription" FieldRef="67c0479c-2ca9-4ecf-8f01-62fb53aa617e" Group="Feeman Columns" /> -->
      <Field ID="{6f4338d7-d741-4058-8d09-c2dfeec30494}" Name="fmAccount" DisplayName="Customer Account Number" Type="Text" MaxLength="255" Required="TRUE" Group="Feeman Columns"
             LinkToItem="TRUE" LinkToItemAllowed="Required" ListItemMenu="TRUE" >
      </Field>
<!--      <Field ID="{6f4338d7-d741-4058-8d09-c2dfeec30494}" Name="fmAccount" DisplayName="Customer Account Number" Type="Text" MaxLength="255" Required="TRUE" Group="Feeman Columns"
             LinkToItem="TRUE" LinkToItemAllowed="Required" ListItemMenu="TRUE" >
        <Validation Message="Account number must be like:&#xD;&#xA;5 digits BLANK 6 digits BLANK 3 digits BLANK 2 digits BLANK then three characters for the currency"
           Script="function(x){return SP.Exp.Calc.valid(SP.Exp.Node.f(&#39;EQ&#39;,[SP.Exp.Node.f(&#39;LEN&#39;,[SP.Exp.Node.a(0)]),SP.Exp.Node.v(23)]),x)}">=(LEN([Customer Account Number])=23)</Validation>
      </Field> -->
      <Field ID="{a3e4f8a4-5ae7-4099-8f9e-7cc8201922f9}" Name="fmClientName" DisplayName="Client Name" Type="Text" MaxLength="255" Required="TRUE" Group="Feeman Columns"></Field>
      <Field ID="{f6c96dac-dc06-4fce-9198-96faed821b59}" Name="fmTransactionAmount" DisplayName="Transaction Amount" Type="Number" Decimals="2" Required="FALSE" Group="Feeman Columns"></Field>
      <Field ID="{883328a7-e9c2-41ff-ab74-ab749fc7a0f7}" Name="fmCurrency" DisplayName="Currency" Type="Lookup" StaticName="Currency" Required="FALSE"
             EnableLookup="TRUE" List="Lists/Currencies" ShowField="fmCode" EnforceUniqueValues="FALSE" RelationshipDeleteBehavior="None" Group="Feeman Columns" />
      <Field ID="{957d4ece-bc38-4f75-a08d-6b5f962b42e5}" Name="fmUnits" DisplayName="Units" Type="Number" Decimals="0" Required="TRUE" Group="Feeman Columns"></Field>
      <Field ID="{825e77bc-68d4-4a9f-a0ef-e051b0e4ce29}" Name="fmAmount" DisplayName="Amount" Type="Number" Decimals="2" ShowInEditForm="FALSE" ShowInNewForm="FALSE" Required="FALSE" Group="Feeman Columns" />
      <Field ID="{05be0f26-1830-42c0-a427-492766be7368}" Name="fmComments" DisplayName="Comments" Type="Note" NumLines="10" RichText="FALSE" Required="FALSE" Group="Feeman Columns"></Field>
      <Field ID="{bb0e6664-2312-450c-94a2-56f41d0c21a0}" Name="fmArchiveStatus" DisplayName="Status" Type="Choice" Format="Dropdown" FillInChoice="FALSE" Required="TRUE" Group="Feeman Columns">
        <CHOICES>
          <CHOICE>Validated</CHOICE>
          <CHOICE>Cancelled</CHOICE>
          <CHOICE>Rejected</CHOICE>
        </CHOICES>
      </Field>
      <Field ID="{6d941747-a2ee-483d-95ce-8f7cfc1cef96}" Name="fmRequestedBy" DisplayName="RequestedBy" Type="User" List="UserInfo"
             ShowField="ImnName" UserSelectionMode="PeopleOnly" UserSelectionScope="0" ShowInEditForm="FALSE" ShowInNewForm="FALSE" Required="FALSE" Group="Feeman Columns" />
      <Field ID="{32c0d2ea-b2cc-4a98-9950-f16e7c98359c}" Name="fmApprovedAt" DisplayName="ApprovedAt" Type="DateTime" ShowInEditForm="FALSE" ShowInNewForm="FALSE" Required="FALSE" Group="Feeman Columns"></Field>
      <Field ID="{e90a6e93-a56d-4d67-aeeb-33b7da1a35f0}" Name="fmApprovedBy" DisplayName="ApprovedBy" Type="User" List="UserInfo"
             ShowField="ImnName" UserSelectionMode="PeopleOnly" UserSelectionScope="0" ShowInEditForm="FALSE" ShowInNewForm="FALSE" Required="FALSE" Group="Feeman Columns" />
      <Field ID="{d7bd4bd2-c992-4c05-8e27-5434691b7341}" Name="fmValidatedBy" DisplayName="ValidatedBy" Type="User" List="UserInfo"
             ShowField="ImnName" UserSelectionMode="PeopleOnly" UserSelectionScope="0" ShowInEditForm="FALSE" ShowInNewForm="FALSE" Required="FALSE" Group="Feeman Columns" />
      <Field ID="{169b6611-7a62-461a-987f-b062d1e00266}" Name="fmExportedAt" DisplayName="ExportedAt" Type="DateTime" ShowInEditForm="FALSE" ShowInNewForm="FALSE" Required="FALSE" Group="Feeman Columns"></Field>
      <Field ID="{baa9c5de-9291-436f-a0fd-cd7a23003a50}" Name="fmStatusHistory" DisplayName="Status History" Type="Note" NumLines="10" RichText="FALSE" ShowInEditForm="FALSE" ShowInNewForm="FALSE" Required="FALSE" Group="Feeman Columns" />
      <Field ID="{aadb733e-f040-4559-8fb1-6e0a2b1ef777}" Name="fmCreatedAt" DisplayName="CreatedAt" Type="DateTime" Required="TRUE" Group="Feeman Columns"></Field>
      <Field ID="{a475331e-40cf-485e-bcc0-f8eb0097f4f1}" Name="fmItemID" DisplayName="ItemID" Type="Number" Decimals="0" Required="TRUE" Group="Feeman Columns"></Field>
    </Fields>
    <Views>
      <View BaseViewID="0" Type="HTML" OrderedView="TRUE" TabularView="FALSE" MobileView="TRUE">
        <Toolbar Type="Standard" />
        <XslLink>main.xsl</XslLink>
        <RowLimit>30</RowLimit>
        <ViewFields>
          <FieldRef Name="fmComments"></FieldRef>
        </ViewFields>
        <Query>
          <OrderBy>
            <FieldRef Name="ID" Ascending="FALSE"></FieldRef>
          </OrderBy>
        </Query>
        <ParameterBindings>
          <ParameterBinding Name="AddNewAnnouncement" Location="Resource(wss,addnewitem)" />
          <ParameterBinding Name="NoAnnouncements" Location="Resource(wss,noXinviewofY_LIST)" />
          <ParameterBinding Name="NoAnnouncementsHowTo" Location="Resource(wss,noXinviewofY_ONET_HOME)" />
        </ParameterBindings>
      </View>

      <!-- All Items -->
      <View BaseViewID="10" Type="HTML" WebPartZoneID="Main" DisplayName="$Resources:core,objectiv_schema_mwsidcamlidC24;" DefaultView="TRUE" MobileView="TRUE" MobileDefaultView="TRUE"
            SetupPath="pages\viewpage.aspx" ImageUrl="/_layouts/images/generic.png" Url="AllItems.aspx">
        <Toolbar Type="Standard" />
        <XslLink Default="TRUE">main.xsl</XslLink>
        <JSLink>clienttemplates.js</JSLink>
        <RowLimit Paged="TRUE">30</RowLimit>
        <ViewFields>
          <FieldRef Name="DocIcon"/>
          <FieldRef Name="LinkTitle"/>
          
          <FieldRef Name="fmTeam"/>
          <FieldRef Name="fmFeePLVDescription"/>
          <FieldRef Name="fmOperationCode"/>
<!--      <FieldRef Name="Commission" />
          <FieldRef Name="fmStandardPrice" />
          <FieldRef Name="fmOperationDescription" /> -->
          <FieldRef Name="fmAccount"/>
          <FieldRef Name="fmClientName"/>
          <FieldRef Name="fmTransactionAmount"/>
          <FieldRef Name="fmCurrency"/>
          <FieldRef Name="fmUnits"/>
          <FieldRef Name="fmComments"/>
          <FieldRef Name="fmAmount" />
          <FieldRef Name="fmArchiveStatus" />
          <FieldRef Name="fmRequestedBy" />
          <FieldRef Name="fmApprovedBy" />
          <FieldRef Name="fmValidatedBy" />
          <FieldRef Name="fmExportedAt" />
          <!--          <FieldRef Name="fmStatusHistory" /> -->
          <FieldRef Name="fmItemID" />
          <FieldRef Name="ID" />
        </ViewFields>
        <ParameterBindings>
          <ParameterBinding Name="NoAnnouncements" Location="Resource(wss,noXinviewofY_LIST)" />
          <ParameterBinding Name="NoAnnouncementsHowTo" Location="Resource(wss,noXinviewofY_DEFAULT)" />
        </ParameterBindings>
        <Query>
          <OrderBy>
            <FieldRef Name="ID" Ascending="FALSE"></FieldRef>
          </OrderBy>
        </Query>
      </View>

    </Views>
    <Forms>
      <Form Type="DisplayForm" Url="DispForm.aspx" SetupPath="pages\form.aspx" WebPartZoneID="Main" />
      <Form Type="EditForm" Url="EditForm.aspx" SetupPath="pages\form.aspx" WebPartZoneID="Main" />
      <Form Type="NewForm" Url="NewForm.aspx" SetupPath="pages\form.aspx" WebPartZoneID="Main" />
    </Forms>
  </MetaData>
</List>
