﻿<?xml version="1.0" encoding="utf-8"?>
<Elements xmlns="http://schemas.microsoft.com/sharepoint/">
  <!-- Parent ContentType: CIBItem (0x0100AE63DD6CBAC84BA78393AC547C73C8DD) -->
  <ContentType ID="0x0100AE63DD6CBAC84BA78393AC547C73C8DD00D7BAAA13830246BDACCB6C7862ADEC72" Name="CIB Price List Codes" Description="CIB Price List Codes" Inherits="FALSE" Version="0" Group="Feeman Content Types">
    <FieldRefs>
      <FieldRef ID="{c746fea0-5e55-4772-a9c4-96b180ff3524}" Name="fmPLVDescription" DisplayName="PLV Description" Required="TRUE" />
      <FieldRef ID="{3797cebb-f263-47ab-8ec5-32277e654c09}" Name="fmPLVCode" DisplayName="Code" Required="TRUE" />
<!--  <FieldRef ID="{2fff3c3a-4411-43b2-bda0-50eea1773773}" Name="Commission" DisplayName="Commission" Required="FALSE" /> -->
      <FieldRef ID="{ac671946-6460-4aa7-abce-23ca5f4a7de5}" Name="fmStandardPrice" DisplayName="Standard Price" Required="TRUE" />
      <FieldRef ID="{65afe706-62af-40eb-bf7c-4c8db89ed2be}" Name="fmDescription" DisplayName="Description" Required="TRUE" />
      <FieldRef ID="{0f990193-2ffe-4612-901f-0d0a7558e420}" Name="fmTeams" DisplayName="Teams" Required="FALSE" />
    </FieldRefs>
  </ContentType>
</Elements>