﻿<?xml version="1.0" encoding="utf-8"?>
<List xmlns:ows="Microsoft SharePoint" Title="Teams" Direction="$Resources:core,Direction;" OrderedList="TRUE" Url="Lists/Teams" BaseType="0" DisableAttachments="TRUE" xmlns="http://schemas.microsoft.com/sharepoint/" EnableContentTypes="TRUE">
  <MetaData>
    <ContentTypes>
      <ContentType ID="0x0100AE63DD6CBAC84BA78393AC547C73C8DD0010FC1E8D4D5045AAB451F2E51366EE5C" Name="CIB Feem Teams" Description="CIB Feem Teams" Inherits="TRUE" Version="0" Group="Feeman Content Types">
        <FieldRefs>
          <FieldRef ID="{62cb9781-a886-4641-ac7d-cc3d7b132399}" Name="fmName" DisplayName="Name" Required="TRUE" />
          <FieldRef ID="{8618d2f1-e739-4bc0-a2c4-1dfb1557880e}" Name="fmMembers" DisplayName="Members" Required="FALSE" />
        </FieldRefs>
      </ContentType>
    </ContentTypes>
    <Fields>
      <Field ID="{62cb9781-a886-4641-ac7d-cc3d7b132399}" Name="fmName" DisplayName="Name" Type="Text" MaxLength="20" Required="TRUE" Group="Feeman Columns"
             AllowDuplicateValues="FALSE" EnforceUniqueValues="TRUE" Indexed="TRUE" LinkToItem="TRUE" LinkToItemAllowed="Required" ListItemMenu="TRUE" ></Field>
      <Field ID="{8618d2f1-e739-4bc0-a2c4-1dfb1557880e}" Name="fmMembers" DisplayName="Members" Type="UserMulti" Mult="TRUE" List="UserInfo"
             ShowField="ImnName" UserSelectionMode="PeopleOnly" UserSelectionScope="0" Required="FALSE" AllowDuplicateValues="TRUE"  Group="Feeman Columns" />
    </Fields>
    <Views>
      <View BaseViewID="0" Type="HTML" OrderedView="TRUE" TabularView="FALSE" MobileView="TRUE">
        <Toolbar Type="Standard" />
        <XslLink>main.xsl</XslLink>
        <RowLimit>30</RowLimit>
        <ViewFields>
          <FieldRef Name="fmName"></FieldRef>
        </ViewFields>
        <Query>
          <OrderBy>
            <FieldRef Name="fmName" Ascending="TRUE"></FieldRef>
          </OrderBy>
        </Query>
        <ParameterBindings>
          <ParameterBinding Name="AddNewAnnouncement" Location="Resource(wss,addnewitem)" />
          <ParameterBinding Name="NoAnnouncements" Location="Resource(wss,noXinviewofY_LIST)" />
          <ParameterBinding Name="NoAnnouncementsHowTo" Location="Resource(wss,noXinviewofY_ONET_HOME)" />
        </ParameterBindings>
      </View>
      <View BaseViewID="1" Type="HTML" WebPartZoneID="Main" DisplayName="$Resources:core,objectiv_schema_mwsidcamlidC24;" DefaultView="TRUE" MobileView="TRUE" MobileDefaultView="TRUE" SetupPath="pages\viewpage.aspx" ImageUrl="/_layouts/images/generic.png" Url="AllItems.aspx">
        <Toolbar Type="Standard" />
        <XslLink>main.xsl</XslLink>
        <JSLink>clienttemplates.js</JSLink>
        <RowLimit Paged="TRUE">30</RowLimit>
        <ViewFields>
          <FieldRef Name="fmName" />
          <FieldRef Name="fmMembers" />
        </ViewFields>
        <ParameterBindings>
          <ParameterBinding Name="NoAnnouncements" Location="Resource(wss,noXinviewofY_LIST)" />
          <ParameterBinding Name="NoAnnouncementsHowTo" Location="Resource(wss,noXinviewofY_DEFAULT)" />
        </ParameterBindings>
        <Query>
          <OrderBy>
            <FieldRef Name="fmName" Ascending="TRUE"></FieldRef>
          </OrderBy>
        </Query>
      </View>
    </Views>
    <Forms>
      <Form Type="DisplayForm" Url="DispForm.aspx" SetupPath="pages\form.aspx" WebPartZoneID="Main" />
      <Form Type="EditForm" Url="EditForm.aspx" SetupPath="pages\form.aspx" WebPartZoneID="Main" />
      <Form Type="NewForm" Url="NewForm.aspx" SetupPath="pages\form.aspx" WebPartZoneID="Main" />
    </Forms>
  </MetaData>
</List>
