﻿<?xml version="1.0" encoding="utf-8"?>
<Elements xmlns="http://schemas.microsoft.com/sharepoint/">
  <ListInstance Title="Price List" OnQuickLaunch="TRUE" TemplateType="10053" Url="Lists/PriceList" Description="CIB Feem Price List Instance" VersioningEnabled="TRUE">

    <Data><Rows>
      <Row>
        <Field Name="fmPLVDescription">CMTO - Connexis Cash - Implementation fee - Delegated user administration</Field>
        <Field Name="fmPLVCode">CXCIMPDG</Field>
        <Field Name="fmStandardPrice">1000</Field>
        <Field Name="fmDescription">Connexis Cash - Implementation</Field>
        <Field Name="fmTeams">1;#CMTO</Field>
      </Row>
      <Row>
        <Field Name="fmPLVDescription">CMTO - Connexis Cash - Implementation fee</Field>
        <Field Name="fmPLVCode">CXCIMPLE</Field>
        <Field Name="fmStandardPrice">2000</Field>
        <Field Name="fmDescription">Connexis Cash - Implementation</Field>
        <Field Name="fmTeams">1;#CMTO</Field>
      </Row>
      <Row>
        <Field Name="fmPLVDescription">CMTO - Connexis Cash - Other services - Security token</Field>
        <Field Name="fmPLVCode">CXCTOKEN</Field>
        <Field Name="fmStandardPrice">15</Field>
        <Field Name="fmDescription">Connexis Cash - Other services</Field>
        <Field Name="fmTeams">1;#CMTO</Field>
      </Row>
      <Row>
        <Field Name="fmPLVDescription">CMTO - Connexis Cash - Additional training session - Remote</Field>
        <Field Name="fmPLVCode">CXCTRARM</Field>
        <Field Name="fmStandardPrice">200</Field>
        <Field Name="fmDescription">Connexis Cash - Implementation</Field>
        <Field Name="fmTeams">1;#CMTO</Field>
      </Row>
      <Row>
        <Field Name="fmPLVDescription">CMTO - Connexis Cash - Additional training session - At client site</Field>
        <Field Name="fmPLVCode">CXCTRASI</Field>
        <Field Name="fmStandardPrice">500</Field>
        <Field Name="fmDescription">Connexis Cash - Implementation</Field>
        <Field Name="fmTeams">1;#CMTO</Field>
      </Row>
      <Row>
        <Field Name="fmPLVDescription">CMTO - Connexis Cash - Other services - Block / unblock user</Field>
        <Field Name="fmPLVCode">CXCUBLCK</Field>
        <Field Name="fmStandardPrice">15</Field>
        <Field Name="fmDescription">Connexis Cash - Other services</Field>
        <Field Name="fmTeams">1;#CMTO</Field>
      </Row>
      <Row>
        <Field Name="fmPLVDescription">CMTO - Connexis Cash - Other services - Update user token</Field>
        <Field Name="fmPLVCode">CXCUPDTK</Field>
        <Field Name="fmStandardPrice">15</Field>
        <Field Name="fmDescription">Connexis Cash - Other services</Field>
        <Field Name="fmTeams">1;#CMTO</Field>
      </Row>
      <Row>
        <Field Name="fmPLVDescription">CMTO - Connexis Gateway - Implementation fee</Field>
        <Field Name="fmPLVCode">CXGAIMPL</Field>
        <Field Name="fmStandardPrice">3000</Field>
        <Field Name="fmDescription">Connexis Gateway</Field>
        <Field Name="fmTeams">1;#CMTO</Field>
      </Row>
      <Row>
        <Field Name="fmPLVDescription">CSD - Production of duplicate document upon customer request</Field>
        <Field Name="fmPLVCode">DUPLICAT</Field>
        <Field Name="fmStandardPrice">15</Field>
        <Field Name="fmDescription">Statements and mailing</Field>
        <Field Name="fmTeams">2;#CSD</Field>
      </Row>
      <Row>
        <Field Name="fmPLVDescription">CMTO - Account statement with 3rd party bank - Implementation fee</Field>
        <Field Name="fmPLVCode">DX3PIMP</Field>
        <Field Name="fmStandardPrice">150</Field>
        <Field Name="fmDescription">Account statement</Field>
        <Field Name="fmTeams">1;#CMTO</Field>
      </Row>
      <Row>
        <Field Name="fmPLVDescription">CMTO - Debit / Credit advice</Field>
        <Field Name="fmPLVCode">DXDCADV</Field>
        <Field Name="fmStandardPrice">30</Field>
        <Field Name="fmDescription">Transaction reporting</Field>
        <Field Name="fmTeams">1;#CMTO</Field>
      </Row>
      <Row>
        <Field Name="fmPLVDescription">CMTO - E-Link - Other services - Electronic certificate</Field>
        <Field Name="fmPLVCode">ELINCERT</Field>
        <Field Name="fmStandardPrice">100</Field>
        <Field Name="fmDescription">E-Link - Other services</Field>
        <Field Name="fmTeams">1;#CMTO</Field>
      </Row>
      <Row>
        <Field Name="fmPLVDescription">CMTO - E-Link - Implementation fee</Field>
        <Field Name="fmPLVCode">ELINKIMP</Field>
        <Field Name="fmStandardPrice">2000</Field>
        <Field Name="fmDescription">E-Link implementation</Field>
        <Field Name="fmTeams">1;#CMTO</Field>
      </Row>
      <Row>
        <Field Name="fmPLVDescription">CMTO - Global EBICS - implementation fee</Field>
        <Field Name="fmPLVCode">GEBICIMP</Field>
        <Field Name="fmStandardPrice">2000</Field>
        <Field Name="fmDescription">Global EBICS implementation</Field>
        <Field Name="fmTeams">1;#CMTO</Field>
      </Row>
      <Row>
        <Field Name="fmPLVDescription">CMTO - Local channel - Implementation fee</Field>
        <Field Name="fmPLVCode">LOCACIMP</Field>
        <Field Name="fmStandardPrice">250</Field>
        <Field Name="fmDescription">EBICS</Field>
        <Field Name="fmTeams">1;#CMTO</Field>
      </Row>
      <Row>
        <Field Name="fmPLVDescription">CMTO - Local channel – Implementation Fee (at client site)</Field>
        <Field Name="fmPLVCode">LOCAPT</Field>
        <Field Name="fmStandardPrice"></Field>
        <Field Name="fmDescription">Local channel Implementation</Field>
        <Field Name="fmTeams">1;#CMTO</Field>
      </Row>
      <Row>
        <Field Name="fmPLVDescription">CMTO - Notional pooling - Interest optimisation - Implementation fee</Field>
        <Field Name="fmPLVCode">NPIIMPLE</Field>
        <Field Name="fmStandardPrice">150</Field>
        <Field Name="fmDescription">Interest enhancement / optimisation</Field>
        <Field Name="fmTeams">1;#CMTO</Field>
      </Row>
      <Row>
        <Field Name="fmPLVDescription">CMTO - Notional pooling - Interest optimisation - Structural adjustment</Field>
        <Field Name="fmPLVCode">NPILADJU</Field>
        <Field Name="fmStandardPrice">500</Field>
        <Field Name="fmDescription">Interest enhancement / optimisation</Field>
        <Field Name="fmTeams">1;#CMTO</Field>
      </Row>
      <Row>
        <Field Name="fmPLVDescription">CMTO - Notional pooling - Interest optimisation - Small adjustment</Field>
        <Field Name="fmPLVCode">NPISADJU</Field>
        <Field Name="fmStandardPrice">100</Field>
        <Field Name="fmDescription">Interest enhancement / optimisation</Field>
        <Field Name="fmTeams">1;#CMTO</Field>
      </Row>
      <Row>
        <Field Name="fmPLVDescription">CMTO - Physical pooling - Implementation fee</Field>
        <Field Name="fmPLVCode">PPCCIMPL</Field>
        <Field Name="fmStandardPrice">150</Field>
        <Field Name="fmDescription">Physical pooling - Cash concentration</Field>
        <Field Name="fmTeams">1;#CMTO</Field>
      </Row>
      <Row>
        <Field Name="fmPLVDescription">CMTO - Physical pooling - Structural adjustment</Field>
        <Field Name="fmPLVCode">PPCCLADJ</Field>
        <Field Name="fmStandardPrice">500</Field>
        <Field Name="fmDescription">Physical pooling - Cash concentration</Field>
        <Field Name="fmTeams">1;#CMTO</Field>
      </Row>
      <Row>
        <Field Name="fmPLVDescription">CMTO - Physical pooling - Small adjustment</Field>
        <Field Name="fmPLVCode">PPCCSADJ</Field>
        <Field Name="fmStandardPrice">100</Field>
        <Field Name="fmDescription">Physical pooling - Cash concentration</Field>
        <Field Name="fmTeams">1;#CMTO</Field>
      </Row>
      <Row>
        <Field Name="fmPLVDescription">CMTO - SWIFTNET - Implementation fee - FileAct</Field>
        <Field Name="fmPLVCode">SWFACIMP</Field>
        <Field Name="fmStandardPrice">2000</Field>
        <Field Name="fmDescription">SWIFTNET implementation</Field>
        <Field Name="fmTeams">1;#CMTO</Field>
      </Row>
      <Row>
        <Field Name="fmPLVDescription">CMTO - SWIFTNET - Other services - Electronic certificate</Field>
        <Field Name="fmPLVCode">SWFECERT</Field>
        <Field Name="fmStandardPrice">100</Field>
        <Field Name="fmDescription">SWIFTNET - Other services</Field>
        <Field Name="fmTeams">1;#CMTO</Field>
      </Row>
      <Row>
        <Field Name="fmPLVDescription">CMTO - SWIFTNET - Implementation fee - FIN and FileAct</Field>
        <Field Name="fmPLVCode">SWFFAIMP</Field>
        <Field Name="fmStandardPrice">3000</Field>
        <Field Name="fmDescription">SWIFTNET implementation</Field>
        <Field Name="fmTeams">1;#CMTO</Field>
      </Row>
      <Row>
        <Field Name="fmPLVDescription">CMTO - SWIFTNET - Implementation fee - FIN</Field>
        <Field Name="fmPLVCode">SWFINIMP</Field>
        <Field Name="fmStandardPrice">2000</Field>
        <Field Name="fmDescription">SWIFTNET implementation</Field>
        <Field Name="fmTeams">1;#CMTO</Field>
      </Row>
      <Row>
        <Field Name="fmPLVDescription">CR - Audit certificate upon customer request</Field>
        <Field Name="fmPLVCode">CERTAUDI</Field>
        <Field Name="fmStandardPrice">150</Field>
        <Field Name="fmDescription">Certification</Field>
        <Field Name="fmTeams">3;#CR</Field>
      </Row>
      <Row>
        <Field Name="fmPLVDescription">CR - Other certificate upon customer request</Field>
        <Field Name="fmPLVCode">CERTOTHR</Field>
        <Field Name="fmStandardPrice">100</Field>
        <Field Name="fmDescription">Certification</Field>
        <Field Name="fmTeams">3;#CR</Field>
      </Row>
      <Row>
        <Field Name="fmPLVDescription">CR - Virtual IBAN - Implementation fee</Field>
        <Field Name="fmPLVCode">CLVACIMP</Field>
        <Field Name="fmStandardPrice">1</Field>
        <Field Name="fmDescription">Virtual IBAN implementation</Field>
        <Field Name="fmTeams">3;#CR</Field>
      </Row>
      <Row>
        <Field Name="fmPLVDescription">CSD - Account investigation / update upon customer request</Field>
        <Field Name="fmPLVCode">ACCTINVG</Field>
        <Field Name="fmStandardPrice">25</Field>
        <Field Name="fmDescription">Account</Field>
        <Field Name="fmTeams">2;#CSD</Field>
      </Row>
      <Row>
        <Field Name="fmPLVDescription">CSD - Corporate card - Implementation fee</Field>
        <Field Name="fmPLVCode">COCDIMPL</Field>
        <Field Name="fmStandardPrice">250</Field>
        <Field Name="fmDescription">Corporate card - Card fees</Field>
        <Field Name="fmTeams">2;#CSD</Field>
      </Row>
      <Row>
        <Field Name="fmPLVDescription">CSD - Investigation upon customer request</Field>
        <Field Name="fmPLVCode">MAINVSGT</Field>
        <Field Name="fmStandardPrice">25</Field>
        <Field Name="fmDescription">Client services support</Field>
        <Field Name="fmTeams">2;#CSD</Field>
      </Row>
      <Row>
        <Field Name="fmPLVDescription">CSD - Client services support upon customer request (per hour)</Field>
        <Field Name="fmPLVCode">SUPORTLG</Field>
        <Field Name="fmStandardPrice">75</Field>
        <Field Name="fmDescription">Client services support</Field>
        <Field Name="fmTeams">2;#CSD</Field>
      </Row>
      <Row>
        <Field Name="fmPLVDescription">CSD - Other manual services outside of account maintenance and payment services upon customer request</Field>
        <Field Name="fmPLVCode">SUPOTHER</Field>
        <Field Name="fmStandardPrice">10</Field>
        <Field Name="fmDescription">Client services support</Field>
        <Field Name="fmTeams">2;#CSD</Field>
      </Row>
      <Row>
        <Field Name="fmPLVDescription">CSD/ DISPO - Investigation of the customer&amp;s new address due to account maintenance and payment services</Field>
        <Field Name="fmPLVCode">ACCINADD</Field>
        <Field Name="fmStandardPrice">25</Field>
        <Field Name="fmDescription">Account</Field>
        <Field Name="fmTeams">2;#CSD;#4;#DISPO</Field>
      </Row>
      <Row>
        <Field Name="fmPLVDescription">DISPO - Manual intervention - Non-formatted order</Field>
        <Field Name="fmPLVCode">MANOFORM</Field>
        <Field Name="fmStandardPrice">25</Field>
        <Field Name="fmDescription">Repair and non-STP services</Field>
        <Field Name="fmTeams">4;#DISPO</Field>
      </Row>
      <Row>
        <Field Name="fmPLVDescription">DISPO - Cancel</Field>
        <Field Name="fmPLVCode">MACANCEL</Field>
        <Field Name="fmStandardPrice">15</Field>
        <Field Name="fmDescription">Repair and non-STP services</Field>
        <Field Name="fmTeams">4;#DISPO</Field>
      </Row>
      <Row>
        <Field Name="fmPLVDescription">CSD - Standing order - Implementation fee</Field>
        <Field Name="fmPLVCode">TSPSOIMP</Field>
        <Field Name="fmStandardPrice">10</Field>
        <Field Name="fmDescription">Processing services</Field>
        <Field Name="fmTeams">2;#CSD</Field>
      </Row>
      <Row>
        <Field Name="fmPLVDescription">DISPO - Notification about legitimate refusal to execute a payment order</Field>
        <Field Name="fmPLVCode">TSPRFNOT</Field>
        <Field Name="fmStandardPrice">5</Field>
        <Field Name="fmDescription">Processing services</Field>
        <Field Name="fmTeams">4;#DISPO</Field>
      </Row>
      <Row>
        <Field Name="fmPLVDescription">FX/MM/CHEQUES - Cheque/Promissory note - Manual intervention - Non formatted order</Field>
        <Field Name="fmPLVCode">CHQMANNF</Field>
        <Field Name="fmStandardPrice">25</Field>
        <Field Name="fmDescription">heque and promissory note payment services</Field>
        <Field Name="fmTeams">5;#FX/MM/CHEQUES</Field>
      </Row>
      <Row>
        <Field Name="fmPLVDescription">FX/MM/CHEQUES - Cheque returned to the bank - Notification (amount equal to or higher than 6000 EUR)</Field>
        <Field Name="fmPLVCode">CHQRETNO</Field>
        <Field Name="fmStandardPrice">25</Field>
        <Field Name="fmDescription">heque and promissory note payment services</Field>
        <Field Name="fmTeams">5;#FX/MM/CHEQUES</Field>
      </Row>
      <Row>
        <Field Name="fmPLVDescription">FX/MM/CHEQUES - Cheque returned to the bank - Processing fee</Field>
        <Field Name="fmPLVCode">CHQRET</Field>
        <Field Name="fmStandardPrice">25</Field>
        <Field Name="fmDescription">heque and promissory note payment services</Field>
        <Field Name="fmTeams">5;#FX/MM/CHEQUES</Field>
      </Row>
      <Row>
        <Field Name="fmPLVDescription">FX/MM/CHEQUES - Cheque / Promissory note - Stop payment upon customer request</Field>
        <Field Name="fmPLVCode">CHQSTCUS</Field>
        <Field Name="fmStandardPrice">25</Field>
        <Field Name="fmDescription">heque and promissory note payment services</Field>
        <Field Name="fmTeams">5;#FX/MM/CHEQUES</Field>
      </Row>
      <Row>
        <Field Name="fmPLVDescription">CSD - Confirmation upon customer request</Field>
        <Field Name="fmPLVCode">TSPCONFI</Field>
        <Field Name="fmStandardPrice">25</Field>
        <Field Name="fmDescription">Processing services</Field>
        <Field Name="fmTeams">2;#CSD</Field>
      </Row>
      <Row>
        <Field Name="fmPLVDescription">FX/MM/CHEQUES - Issuing of cheque book</Field>
        <Field Name="fmPLVCode">PYCHBOOK</Field>
        <Field Name="fmStandardPrice">25</Field>
        <Field Name="fmDescription">Cheque</Field>
        <Field Name="fmTeams">5;#FX/MM/CHEQUES</Field>
      </Row>
      <Row>
        <Field Name="fmPLVDescription">FX/MM/CHEQUES - Lockbox - Implementation fee</Field>
        <Field Name="fmPLVCode">CLLBXIMP</Field>
        <Field Name="fmStandardPrice">250</Field>
        <Field Name="fmDescription">Cheque</Field>
        <Field Name="fmTeams">5;#FX/MM/CHEQUES</Field>
      </Row>
      <Row>
        <Field Name="fmPLVDescription">FX/MM/CHEQUES - Lockbox - Processing fee</Field>
        <Field Name="fmPLVCode">CLLBXPRO</Field>
        <Field Name="fmStandardPrice">5</Field>
        <Field Name="fmDescription">Cheque</Field>
        <Field Name="fmTeams">5;#FX/MM/CHEQUES</Field>
      </Row>
    </Rows></Data>
  </ListInstance>
</Elements>