﻿<?xml version="1.0" encoding="utf-8"?>
<!--Created:cb85b80c-f585-40ff-8bfc-12ff4d0e34a9-->
<App xmlns="http://schemas.microsoft.com/sharepoint/2012/app/manifest" Name="CIB-DE-FeeMan" ProductID="{e94e3ca2-ffb1-43f0-9abd-ecd8f0940028}" Version="1.0.0.0" SharePointMinVersion="15.0.0.0">
  <Properties>
    <Title>CIB.DE.FeeMan</Title>
    <StartPage>~appWebUrl/Pages/Default.aspx?{StandardTokens}</StartPage>
  </Properties>
  <AppPrincipal>
    <Internal />
    <!-- AM: was * -->
    <!--     <RemoteWebApplication ClientId="*" /> -->
    <!--    <RemoteWebApplication ClientId="7c22c41e-0adf-464f-a8e1-bd1458a222ad" /> -->
  </AppPrincipal>
  <AppPermissionRequests AllowAppOnlyPolicy="true">
    <AppPermissionRequest Scope="http://sharepoint/content/sitecollection/web" Right="FullControl" />
  </AppPermissionRequests>
  <AppPrerequisites>
    <AppPrerequisite Type="Capability" ID="CDD8F991-B459-4512-8048-03D5A03FF27E" />
  </AppPrerequisites>
</App>