﻿<?xml version="1.0" encoding="utf-8"?>
<Feature xmlns="http://schemas.microsoft.com/sharepoint/" Description="SharePoint App Feature" Id="ed83e914-0457-4d37-9e21-eb76e2115e82" Scope="Web" Title="CIB.DE.FeeMan" Version="1.0.0.0">
  <ElementManifests>
    <ElementManifest Location="Pages\Elements.xml" />
    <ElementFile Location="Pages\Default.aspx" />
    <ElementFile Location="Pages\Layout.aspx" />
    <ElementManifest Location="Scripts\Elements.xml" />
    <ElementFile Location="Scripts\App.js" />
    <ElementManifest Location="Content\Elements.xml" />
    <ElementFile Location="Content\App.css" />
    <ElementManifest Location="Images\Elements.xml" />
    <ElementFile Location="Images\AppIcon.png" />
    <ElementManifest Location="SiteColumns\Elements.xml" />
    <ElementManifest Location="PriceListCT\Elements.xml" />
    <ElementManifest Location="TeamsCT\Elements.xml" />
    <ElementManifest Location="PriceListInstance\Elements.xml" />
    <ElementManifest Location="PriceList\Elements.xml" />
    <ElementFile Location="PriceList\Schema.xml" />
    <ElementManifest Location="TeamsInstance\Elements.xml" />
    <ElementManifest Location="Teams\Elements.xml" />
    <ElementFile Location="Teams\Schema.xml" />
    <ElementManifest Location="CurrenciesCT\Elements.xml" />
    <ElementManifest Location="CurrenciesInstance\Elements.xml" />
    <ElementManifest Location="Currencies\Elements.xml" />
    <ElementFile Location="Currencies\Schema.xml" />
    <ElementManifest Location="FeesCT\Elements.xml" />
    <ElementManifest Location="FeesInstance\Elements.xml" />
    <ElementManifest Location="Fees\Elements.xml" />
    <ElementFile Location="Fees\Schema.xml" />
    <ElementManifest Location="WorkflowHistoryList\Elements.xml" />
    <ElementManifest Location="WorkflowTaskList\Elements.xml" />
    <ElementManifest Location="Elements.xml" />
    <ElementManifest Location="ArchiveCT\Elements.xml" />
    <ElementManifest Location="ArchiveInstance\Elements.xml" />
    <ElementManifest Location="Archive\Elements.xml" />
    <ElementFile Location="Archive\Schema.xml" />
    <ElementManifest Location="ConfigCT\Elements.xml" />
    <ElementManifest Location="ConfigInstance\Elements.xml" />
    <ElementManifest Location="Config\Elements.xml" />
    <ElementFile Location="Config\Schema.xml" />
  </ElementManifests>
  <UpgradeActions>
    <VersionRange>
      <ApplyElementManifests>
        <ElementManifest Location="Pages\Elements.xml" />
        <ElementManifest Location="Scripts\Elements.xml" />
        <ElementManifest Location="Content\Elements.xml" />
        <ElementManifest Location="Images\Elements.xml" />
        <ElementManifest Location="SiteColumns\Elements.xml" />
        <ElementManifest Location="PriceListCT\Elements.xml" />
        <ElementManifest Location="TeamsCT\Elements.xml" />
        <ElementManifest Location="PriceListInstance\Elements.xml" />
        <ElementManifest Location="PriceList\Elements.xml" />
        <ElementManifest Location="TeamsInstance\Elements.xml" />
        <ElementManifest Location="Teams\Elements.xml" />
        <ElementManifest Location="CurrenciesCT\Elements.xml" />
        <ElementManifest Location="CurrenciesInstance\Elements.xml" />
        <ElementManifest Location="Currencies\Elements.xml" />
        <ElementManifest Location="FeesCT\Elements.xml" />
        <ElementManifest Location="FeesInstance\Elements.xml" />
        <ElementManifest Location="Fees\Elements.xml" />
        <ElementManifest Location="WorkflowHistoryList\Elements.xml" />
        <ElementManifest Location="WorkflowTaskList\Elements.xml" />
        <ElementManifest Location="Elements.xml" />
        <ElementManifest Location="ArchiveCT\Elements.xml" />
        <ElementManifest Location="ArchiveInstance\Elements.xml" />
        <ElementManifest Location="Archive\Elements.xml" />
        <ElementManifest Location="ConfigCT\Elements.xml" />
        <ElementManifest Location="ConfigInstance\Elements.xml" />
        <ElementManifest Location="Config\Elements.xml" />
      </ApplyElementManifests>
    </VersionRange>
  </UpgradeActions>
</Feature>