﻿<?xml version="1.0" encoding="utf-8"?>
<Elements xmlns="http://schemas.microsoft.com/sharepoint/">
  <ListInstance Title="Fees" OnQuickLaunch="TRUE" TemplateType="10051" Url="Lists/Fees" Description="CIB Feem Fees List Definition" VersioningEnabled="TRUE">
    <Data>
      <Rows>
        <Row>
          <Field Name="fmTeam">1</Field>
          <Field Name="fmAccount">12345678901234567890123</Field>
          <Field Name="fmClientName">ABC</Field>
          <Field Name="fmUnits">10</Field>
          <Field Name="fmStatus">Approved</Field>
          <Field Name="fmFeePLVDescription">1</Field>
        </Row>
      </Rows>
    </Data>
  </ListInstance>
</Elements>
