﻿<?xml version="1.0" encoding="utf-8"?>
<Elements xmlns="http://schemas.microsoft.com/sharepoint/">
  <!-- Parent ContentType: CIBItem (0x0100AE63DD6CBAC84BA78393AC547C73C8DD) -->
  <ContentType ID="0x0100AE63DD6CBAC84BA78393AC547C73C8DD00EA4178C0D3CC47EAB01B9BDE2443AA27" Name="CIB Feem Archive" Description="CIB Feem Archive" Inherits="FALSE" Version="0" Group="Feeman Content Types">
    <FieldRefs>
      <FieldRef ID="{71a21909-9ac6-42c9-8d55-9935ba2dd18b}" Name="fmTeam" DisplayName="Team" Required="TRUE" />
      <FieldRef ID="{67c0479c-2ca9-4ecf-8f01-62fb53aa617e}" Name="fmFeePLVDescription" DisplayName="Code Description" Required="TRUE" />
      <FieldRef ID="{056574f3-c890-4fb5-bf6e-291b05444d53}" Name="fmOperationCode" DisplayName="Operation Code" Required="FALSE" />
      <!--      <FieldRef ID="{5342506a-72dc-496f-965d-d3f5f920bd94}" Name="Commission" DisplayName="Commission" Required="FALSE" />
      <FieldRef ID="{db2666f3-97ec-46e4-9321-f38d62009a8e}" Name="fmStandardPrice" DisplayName="Standard Price" Required="FALSE" />
      <FieldRef ID="{c2d9a39e-bdfb-49cb-85f2-f32f0c794a38}" Name="fmOperationDescription" DisplayName="Operation Description" Required="FALSE" /> -->
      <FieldRef ID="{6f4338d7-d741-4058-8d09-c2dfeec30494}" Name="fmAccount" DisplayName="Customer Account Number" Required="TRUE" />
      <FieldRef ID="{a3e4f8a4-5ae7-4099-8f9e-7cc8201922f9}" Name="fmClientName" DisplayName="Client Name" Required="FALSE" />
      <FieldRef ID="{f6c96dac-dc06-4fce-9198-96faed821b59}" Name="fmTransactionAmount" DisplayName="Transaction Amount" Required="FALSE" />
      <FieldRef ID="{883328a7-e9c2-41ff-ab74-ab749fc7a0f7}" Name="fmCurrency" DisplayName="Currency" Required="FALSE" />
      <FieldRef ID="{957d4ece-bc38-4f75-a08d-6b5f962b42e5}" Name="fmUnits" DisplayName="Units" Required="FALSE" />
      <FieldRef ID="{825e77bc-68d4-4a9f-a0ef-e051b0e4ce29}" Name="fmAmount" DisplayName="Amount" ShowInEditForm="FALSE" ShowInNewForm="FALSE" />
      <FieldRef ID="{05be0f26-1830-42c0-a427-492766be7368}" Name="fmComments" DisplayName="Comments" Required="FALSE" />
      <FieldRef ID="{6d941747-a2ee-483d-95ce-8f7cfc1cef96}" Name="fmRequestedBy" DisplayName="RequestedBy" ShowInEditForm="FALSE" ShowInNewForm="FALSE" Required="FALSE" />
      <FieldRef ID="{32c0d2ea-b2cc-4a98-9950-f16e7c98359c}" Name="fmApprovedAt" DisplayName="ApprovedAt" ShowInEditForm="FALSE" ShowInNewForm="FALSE" Required="FALSE" />
      <FieldRef ID="{e90a6e93-a56d-4d67-aeeb-33b7da1a35f0}" Name="fmApprovedBy" DisplayName="ApprovedBy" ShowInEditForm="FALSE" ShowInNewForm="FALSE" Required="FALSE" />
      <FieldRef ID="{d7bd4bd2-c992-4c05-8e27-5434691b7341}" Name="fmValidatedBy" DisplayName="ValidatedBy" ShowInEditForm="FALSE" ShowInNewForm="FALSE" Required="FALSE" />
      <FieldRef ID="{169b6611-7a62-461a-987f-b062d1e00266}" Name="fmExportedAt" DisplayName="ExportedAt" ShowInEditForm="FALSE" ShowInNewForm="FALSE" Required="FALSE" />
      <FieldRef ID="{baa9c5de-9291-436f-a0fd-cd7a23003a50}" Name="fmStatusHistory" DisplayName="Status History" ShowInEditForm="FALSE" ShowInNewForm="FALSE" Required="FALSE" />
      <FieldRef ID="{bb0e6664-2312-450c-94a2-56f41d0c21a0}" Name="fmArchiveStatus" DisplayName="Status" Format="Dropdown" Required="TRUE" />
      <FieldRef ID="{aadb733e-f040-4559-8fb1-6e0a2b1ef777}" Name="fmCreatedAt" DisplayName="CreatedAt" Required="TRUE" />
      <FieldRef ID="{a475331e-40cf-485e-bcc0-f8eb0097f4f1}" Name="fmItemID" DisplayName="ItemID" Required="TRUE" />
    </FieldRefs>
  </ContentType>
</Elements>