﻿<?xml version="1.0" encoding="utf-8"?>
<Elements xmlns="http://schemas.microsoft.com/sharepoint/">
  <ListInstance Title="Archive" OnQuickLaunch="TRUE" TemplateType="10052" Url="Lists/Archive" Description="CIB Feem Archive List Instance" VersioningEnabled="TRUE">
    
     <Data><Rows>
      <Row>
        <Field Name="fmTeam">1</Field>
        <Field Name="fmAccount">12345 789012 456 89 EUR</Field>
        <Field Name="fmClientName">ABC</Field>
        <Field Name="fmUnits">10</Field>
        <Field Name="fmFeePLVDescription">1</Field>
      </Row>
    </Rows></Data>
  </ListInstance>
</Elements>
