﻿<?xml version="1.0" encoding="utf-8"?>
<List xmlns:ows="Microsoft SharePoint" Title="PriceList" Direction="$Resources:core,Direction;" OrderedList="TRUE" Url="Lists/PriceList" BaseType="0" DisableAttachments="TRUE" xmlns="http://schemas.microsoft.com/sharepoint/" EnableContentTypes="TRUE">
  <MetaData>
    <ContentTypes>
      <ContentType ID="0x0100AE63DD6CBAC84BA78393AC547C73C8DD00D7BAAA13830246BDACCB6C7862ADEC72" Name="CIB Price List Codes" Description="CIB Price List Codes" Inherits="FALSE" Version="0" Group="Feeman Content Types">
        <FieldRefs>
          <FieldRef ID="{c746fea0-5e55-4772-a9c4-96b180ff3524}" Name="fmPLVDescription" DisplayName="PLV Description" Required="TRUE" />
          <FieldRef ID="{3797cebb-f263-47ab-8ec5-32277e654c09}" Name="fmPLVCode" DisplayName="Code" Required="TRUE" />
<!--      <FieldRef ID="{2fff3c3a-4411-43b2-bda0-50eea1773773}" Name="Commission" DisplayName="Commission" Required="FALSE" /> -->
          <FieldRef ID="{ac671946-6460-4aa7-abce-23ca5f4a7de5}" Name="fmStandardPrice" DisplayName="Standard Price" Required="TRUE" />
          <FieldRef ID="{65afe706-62af-40eb-bf7c-4c8db89ed2be}" Name="fmDescription" DisplayName="Description" Required="TRUE" />
          <FieldRef ID="{0f990193-2ffe-4612-901f-0d0a7558e420}" Name="fmTeams" DisplayName="Teams" Required="FALSE" />
        </FieldRefs>
      </ContentType>
    </ContentTypes>
    <Fields>
      <Field ID="{c746fea0-5e55-4772-a9c4-96b180ff3524}" Name="fmPLVDescription" DisplayName="PLV Description" Type="Text" MaxLength="255" Required="TRUE" Group="Feeman Columns"
             AllowDuplicateValues="FALSE" EnforceUniqueValues="TRUE" Indexed="TRUE" LinkToItem="TRUE" LinkToItemAllowed="Required" ListItemMenu="TRUE" ></Field>
      <Field ID="{3797cebb-f263-47ab-8ec5-32277e654c09}" Name="fmPLVCode" DisplayName="Code" Type="Text" MaxLength="10" Required="TRUE" Group="Feeman Columns"></Field>
<!--- <Field ID="{2fff3c3a-4411-43b2-bda0-50eea1773773}" Name="Commission" DisplayName="Commission" Type="Text" MaxLength="10" Required="FALSE" Group="Feeman Columns"></Field> -->
      <Field ID="{ac671946-6460-4aa7-abce-23ca5f4a7de5}" Name="fmStandardPrice" DisplayName="Standard Price" Type="Number" Decimals="2" LCID="1031" Required="TRUE" Group="Feeman Columns"></Field>
      <Field ID="{65afe706-62af-40eb-bf7c-4c8db89ed2be}" Name="fmDescription" DisplayName="Description" Type="Text" MaxLength="255" Required="TRUE" Group="Feeman Columns"></Field>
      <Field ID="{0f990193-2ffe-4612-901f-0d0a7558e420}" Name="fmTeams" DisplayName="Teams" Type="LookupMulti" Mult="TRUE" Required="FALSE"
             EnableLookup="TRUE" List="Lists/Teams" ShowField="fmName" EnforceUniqueValues="FALSE" RelationshipDeleteBehavior="None" Group="Feeman Columns"></Field>
    </Fields>
    <Views>
      <View BaseViewID="0" Type="HTML" OrderedView="TRUE" TabularView="FALSE" MobileView="TRUE">
        <Toolbar Type="Standard" />
        <XslLink>main.xsl</XslLink>
        <RowLimit>30</RowLimit>
        <ViewFields>
          <FieldRef Name="fmPLVDescription" />
        </ViewFields>
        <Query>
          <OrderBy>
            <FieldRef Name="fmPLVDescription" Ascending="TRUE"></FieldRef>
          </OrderBy>
        </Query>
        <ParameterBindings>
          <ParameterBinding Name="AddNewAnnouncement" Location="Resource(wss,addnewitem)" />
          <ParameterBinding Name="NoAnnouncements" Location="Resource(wss,noXinviewofY_LIST)" />
          <ParameterBinding Name="NoAnnouncementsHowTo" Location="Resource(wss,noXinviewofY_ONET_HOME)" />
        </ParameterBindings>
      </View>
      <View BaseViewID="1" Type="HTML" WebPartZoneID="Main" DisplayName="$Resources:core,objectiv_schema_mwsidcamlidC24;" DefaultView="TRUE" MobileView="TRUE" MobileDefaultView="TRUE" SetupPath="pages\viewpage.aspx" ImageUrl="/_layouts/images/generic.png" Url="AllItems.aspx">
        <Toolbar Type="Standard" />
        <XslLink Default="TRUE">main.xsl</XslLink>
        <JSLink>clienttemplates.js</JSLink>
        <RowLimit Paged="TRUE">30</RowLimit>
        <ViewFields>
          <FieldRef Name="fmPLVDescription" />
          <FieldRef Name="fmPLVCode" />
<!--      <FieldRef Name="Commission" /> -->
          <FieldRef Name="fmStandardPrice" />
          <FieldRef Name="fmDescription" />
          <FieldRef Name="fmTeams" />
        </ViewFields>
        <ParameterBindings>
          <ParameterBinding Name="NoAnnouncements" Location="Resource(wss,noXinviewofY_LIST)" />
          <ParameterBinding Name="NoAnnouncementsHowTo" Location="Resource(wss,noXinviewofY_DEFAULT)" />
        </ParameterBindings>
        <Query>
          <OrderBy>
            <FieldRef Name="fmPLVDescription" Ascending="TRUE"></FieldRef>
          </OrderBy>
        </Query>
      </View>
    </Views>
    <Forms>
      <Form Type="DisplayForm" Url="DispForm.aspx" SetupPath="pages\form.aspx" WebPartZoneID="Main" />
      <Form Type="EditForm" Url="EditForm.aspx" SetupPath="pages\form.aspx" WebPartZoneID="Main" />
      <Form Type="NewForm" Url="NewForm.aspx" SetupPath="pages\form.aspx" WebPartZoneID="Main" />
    </Forms>
  </MetaData>
</List>