﻿<?xml version="1.0" encoding="utf-8" ?>
<!--Created:cb85b80c-f585-40ff-8bfc-12ff4d0e34a9-->
<App xmlns="http://schemas.microsoft.com/sharepoint/2012/app/manifest"
     Name="CIBDEFeeManApp"
     ProductID="{82b5375b-4032-42d0-92e9-7aef4c36ca9e}"
     Version="1.0.0.0"
     SharePointMinVersion="15.0.0.0"
>
  <Properties>
    <Title>CIB.DE.FeeManApp</Title>
    <StartPage>~appWebUrl/Pages/Default.aspx?{StandardTokens}</StartPage>
  </Properties>

  <AppPrincipal>
    <Internal />
  </AppPrincipal>

  <AppPermissionRequests>
    <AppPermissionRequest Scope="http://sharepoint/content/sitecollection/web" Right="FullControl" />
    <AppPermissionRequest Scope="http://sharepoint/content/sitecollection" Right="FullControl" />
  </AppPermissionRequests>

</App>
